{
  "creds": {
    "noiseKey": {
      "private": {
        "type": "Buffer",
        "data": "+Ldq7QQ9ytdaGtRkyP/pfKKDo4x7XyLGHzyihkJ0aVQ="
      },
      "public": {
        "type": "Buffer",
        "data": "wArL1bDuRXMtdmkso90NVtWzB86SUe8KpwuTmoCdon8="
      }
    },
    "signedIdentityKey": {
      "private": {
        "type": "Buffer",
        "data": "MHlkLgOnXzH07/b5iVNIfAmvcCb70iUgi861aqBpYV0="
      },
      "public": {
        "type": "Buffer",
        "data": "ykIrcJwvT9Hlxq22YKWHO7Zo47VaW/8vR9NcjC/GqhU="
      }
    },
    "signedPreKey": {
      "keyPair": {
        "private": {
          "type": "Buffer",
          "data": "IPAqqwYYI2LxDY04CetRhKyxGwSdz6mTAdTy4wPFHEA="
        },
        "public": {
          "type": "Buffer",
          "data": "6xBVK2Fkn+vGGnmp5qF9LuycwijrozpUvyqr4DYjnw0="
        }
      },
      "signature": {
        "type": "Buffer",
        "data": "VPodaiiqrWcF1HWV6CN7y9sHGx2QFxot/R6BJzjHfMVfSSHjnOqlLkT5eT39xZp0QXUwxvJ/gT0vTAWh/Wjrgg=="
      },
      "keyId": 1
    },
    "registrationId": 232,
    "advSecretKey": "bn9CbFZjalVAYc8DkiBrHaw9Q/xw8HcoDXv1Tdd3/PA=",
    "processedHistoryMessages": [],
    "nextPreKeyId": 31,
    "firstUnuploadedPreKeyId": 31,
    "accountSettings": {
      "unarchiveChats": false
    },
    "account": {
      "details": "CLL7n8gFEInLu6MGGAE=",
      "accountSignatureKey": "mB9lST7SSqQ8HS/bkXcK8meAV9CSPk0MIZLnm8fQPyA=",
      "accountSignature": "hxr4D4l32QOQcvMeCbOJx5rrh7zjCOlA7b3/VcnEbAwwduO6cRmJ5lDQKnkHc1n+G3oXtOtxcv5wUfPTpWEWAA==",
      "deviceSignature": "hX4iOP3s5mYdxxG5GtvJiu9wy65zw5+yCA8BDHry9FR7BlD7vgveyOcRZ0spSycuvX6f0ejBNtx0wpgewlj0jQ=="
    },
    "me": {
      "id": "918156984396:46@s.whatsapp.net",
      "name": "ㅤ\n\n\n\n\n\n\n𓃵\n\n\n\n\n\n\n\n\n\n\n\n\n\n\nㅤ"
    },
    "signalIdentities": [
      {
        "identifier": {
          "name": "918156984396:46@s.whatsapp.net",
          "deviceId": 0
        },
        "identifierKey": {
          "type": "Buffer",
          "data": "BZgfZUk+0kqkPB0v25F3CvJngFfQkj5NDCGS55vH0D8g"
        }
      }
    ],
    "platform": "android",
    "lastAccountSyncTimestamp": 1684989323,
    "myAppStateKeyId": "AAAAAA1Z"
  },
  "keys": {
    "preKeys": {
      "1": {
        "private": {
          "type": "Buffer",
          "data": "mIMdRRItGXJKoDdtaIbEatYbVPRX+k+tQ4vZEhU+rnM="
        },
        "public": {
          "type": "Buffer",
          "data": "kzZuY3biqRd//Fic8jh1X4O757pmv4+Ac+q+DNyNShE="
        }
      },
      "2": {
        "private": {
          "type": "Buffer",
          "data": "GJtL6QyAQQlKeloVDOO9LH/qa+MLE4/GTQb85py8VXA="
        },
        "public": {
          "type": "Buffer",
          "data": "/9timBdY6ngD8EmxYOlFFXpkjb61AFXk8QbSRMfphzY="
        }
      },
      "3": {
        "private": {
          "type": "Buffer",
          "data": "OM3Zy2e+CZsVt+Ml0pOOMg+QzG3dwUDlexhcMJDC21E="
        },
        "public": {
          "type": "Buffer",
          "data": "pxhPx9nPXondzBIJJr1sUZeENl9XHxiBvWr8QyrjvA4="
        }
      },
      "4": {
        "private": {
          "type": "Buffer",
          "data": "sOIHcFscbUjew7N0ByVxJMQnzZPuOrtYdBUMeFuN8k4="
        },
        "public": {
          "type": "Buffer",
          "data": "t7vwpbZqgup21Ks0H4lh4QHBEUZdi6M0VtIOZzuUH3w="
        }
      },
      "5": null,
      "6": {
        "private": {
          "type": "Buffer",
          "data": "gDQKHu3MGL004eJe+kIm/zeCCjmln5r1kk4txXVrQm8="
        },
        "public": {
          "type": "Buffer",
          "data": "qIYhs3NJccizmdyHnDGXYybbIOug8x2KA0z19XLSKE0="
        }
      },
      "7": {
        "private": {
          "type": "Buffer",
          "data": "uEemkiaGxc5oCuFyvR2z6vLetsIR+WwKs4UBSnxTlWc="
        },
        "public": {
          "type": "Buffer",
          "data": "jjL58ibIHBxdBEnamHiOP7yIDR/QsgROhGrumztAACQ="
        }
      },
      "8": {
        "private": {
          "type": "Buffer",
          "data": "SAmXnKQ4cW8qznuQ7csf+d3eXn0Es9FOEaNQWTrUhFk="
        },
        "public": {
          "type": "Buffer",
          "data": "Tocc2fk7MkZbnMBV2xtRNyvOc72KQVz7Hwfu1km6vCg="
        }
      },
      "9": {
        "private": {
          "type": "Buffer",
          "data": "8FoS5IyfM+sSVMmrhd93mNGLIomxHgMwQiqDx8eCE2s="
        },
        "public": {
          "type": "Buffer",
          "data": "/+b/ZHrrv+t+Ur7zRC89KKr0OiWERz1mFsuDky7y82c="
        }
      },
      "10": {
        "private": {
          "type": "Buffer",
          "data": "GL89+9lR9RFQqKPLqhw8HaGfQ0UWpdtKOoZ2/lG9g1k="
        },
        "public": {
          "type": "Buffer",
          "data": "My8ZYopsc0k05F+s+PtwNqT4vqEV5mJOu9DV5FniuGA="
        }
      },
      "11": {
        "private": {
          "type": "Buffer",
          "data": "sEBScxn5H780gFFDp0dnNg2cY+PYqBitiSgj+A3Z4W0="
        },
        "public": {
          "type": "Buffer",
          "data": "TD/1S1mw9oqspIS4LiYih4tppUe7wjlwZBLPaEu/PUw="
        }
      },
      "12": {
        "private": {
          "type": "Buffer",
          "data": "8JFRXEyRAldyiXt95akINGdIZ8chhBC0JcUZgY1VNk8="
        },
        "public": {
          "type": "Buffer",
          "data": "uIN/3lCzW7x1X/h8nSechJ6yhXKRh5ngY4tYwzSPQl0="
        }
      },
      "13": {
        "private": {
          "type": "Buffer",
          "data": "+MfH8AvHGiQJwY3HvM48EL5JIOgTLCz0x6hC6sy/BmU="
        },
        "public": {
          "type": "Buffer",
          "data": "0zcretNydNSqnxb3Nql6QuH613vDDNPUAMw5jc0H5yc="
        }
      },
      "14": {
        "private": {
          "type": "Buffer",
          "data": "UDYHHSHWRMT3gcD0cSmEig8cjtCLUgpunTjRPH+iyFQ="
        },
        "public": {
          "type": "Buffer",
          "data": "09Gy0diZOGx4XAKrPGrJisib6ftxKxC6OE5SMzDVzEc="
        }
      },
      "15": {
        "private": {
          "type": "Buffer",
          "data": "YJMy5QhdqpbOTDtcc347rIuRpPfz4QfJ++IzvQ77qV4="
        },
        "public": {
          "type": "Buffer",
          "data": "slKzNSESGHxxi1Kq/PRZ4MgpLqP0UDOxxNkznY0lEws="
        }
      },
      "16": {
        "private": {
          "type": "Buffer",
          "data": "mFhGZWvqGuGTSNVrX5vKsSKz0ILr39z5V+owRHqYS0I="
        },
        "public": {
          "type": "Buffer",
          "data": "QzkwD3rMP+4Zvk7ZPH26/griaZvd1fdyvzxf89ulnys="
        }
      },
      "17": {
        "private": {
          "type": "Buffer",
          "data": "2BOwUeKOkWxZ0FaievqSVgfB/CucQ7mqciD9Ysyn81Y="
        },
        "public": {
          "type": "Buffer",
          "data": "l9mKSDOm24Od1rGezFpQt0B5RHi9u2bWM9452WF0YVM="
        }
      },
      "18": {
        "private": {
          "type": "Buffer",
          "data": "gHKRRvGC3eC0VcNUJH5YRdWV9moZAz/7GXuhQ/vFUmo="
        },
        "public": {
          "type": "Buffer",
          "data": "tTKe75/+UMsA0qzrdntoAPWqls/Dc7++oOkvQzESOXU="
        }
      },
      "19": {
        "private": {
          "type": "Buffer",
          "data": "ONV86hkxtujFqGw+AHcRzDLByOwSbsI942A74uXI/2w="
        },
        "public": {
          "type": "Buffer",
          "data": "0aGCRh97NtITZ/d9hLk2YaRE09juGeu/dvOPxqa5ujQ="
        }
      },
      "20": {
        "private": {
          "type": "Buffer",
          "data": "OMn/7nK/4tMG4dKFzksWB5oy0rgJWeIJuk/poIPxmUQ="
        },
        "public": {
          "type": "Buffer",
          "data": "C0PUC7rDd87ZqQjq6BwgeUSZtjTVyiBKTe1Ms04ChA4="
        }
      },
      "21": {
        "private": {
          "type": "Buffer",
          "data": "+BketuzNwB5v8NY4mQqdOG2de2giGjDjF1p7Z1vs2kY="
        },
        "public": {
          "type": "Buffer",
          "data": "mWzwulmb31Kv6YpXePumODhxJtOIm3F6X7FASipVUVg="
        }
      },
      "22": {
        "private": {
          "type": "Buffer",
          "data": "2MgwlROK6dLhjbz4v7v8U/Bp0UljMGn5G56MPjpvBXU="
        },
        "public": {
          "type": "Buffer",
          "data": "4xCdrMJAoG0YFR0Zl0CPFuA32gbaP92jfgygGHxyVRg="
        }
      },
      "23": {
        "private": {
          "type": "Buffer",
          "data": "GIW9UxjaqdOTzievln6URPHpNXNHeTTLTHqxCrirjm8="
        },
        "public": {
          "type": "Buffer",
          "data": "MF+2UihPGnrQRt7lDw95tUk+EdK8C4MaeZrlFLfCZiA="
        }
      },
      "24": {
        "private": {
          "type": "Buffer",
          "data": "OKnWPVVIF8kxgC04PbDDWHGUEHIjIKB+3j05+e1L8m8="
        },
        "public": {
          "type": "Buffer",
          "data": "7Qxwoq7T0wH3pTs5/0T42ndufEEABnEvOKK0/CTWm1A="
        }
      },
      "25": {
        "private": {
          "type": "Buffer",
          "data": "2CtLJAR1NvANOmKwN8oNB4/x/4eeKoLbSfQ3XrusyEE="
        },
        "public": {
          "type": "Buffer",
          "data": "3eUOmmGhWreh9BHc0PsxOJJVnwbkyVyE/nVh8o/j4As="
        }
      },
      "26": {
        "private": {
          "type": "Buffer",
          "data": "SM1RK8c4H4NjB3Dn4vGXHqymWlqbelOED4VItStzCE4="
        },
        "public": {
          "type": "Buffer",
          "data": "YLTFWvT/ykLJ+nueMWFz17nKm681suLa3NAXKcoV6kI="
        }
      },
      "27": {
        "private": {
          "type": "Buffer",
          "data": "WMtBknJ4AyaQc944HVQNm76mJB6JDsRcUhP6OgwjdG0="
        },
        "public": {
          "type": "Buffer",
          "data": "5KSBfp2G3vGHFouuF8hBK7aOR9EITzLP/oUSzefVfV8="
        }
      },
      "28": {
        "private": {
          "type": "Buffer",
          "data": "yAMTx/gh7HoAQGbiePIX6f6JPKDpFfcoi9Og/wmlCXI="
        },
        "public": {
          "type": "Buffer",
          "data": "wI9OZTWm9XNC7SFGhZ+BSlv1YW0aG2U9zfAMhx8cKiA="
        }
      },
      "29": {
        "private": {
          "type": "Buffer",
          "data": "2MYjh4vm35ITWs4IqCsMHwYvOk7GK5CPVGIetpbYyV4="
        },
        "public": {
          "type": "Buffer",
          "data": "MaIuJjQX+dogzeryFq56KQz+WuLbSg5rnlAQCxMjoAE="
        }
      },
      "30": {
        "private": {
          "type": "Buffer",
          "data": "MKUuwYin1kXcvlm8M/EXPs95kRqMNNns5h8TWUisuXs="
        },
        "public": {
          "type": "Buffer",
          "data": "XTH1l/ySDwbtX9T8UJuwGFYwbMXbJpG/NHYbF8dgBkc="
        }
      }
    },
    "sessions": {
      "918156984396.0": {
        "_sessions": {
          "BReQh0ybLGAbcXNwzKCPxztcamggo107bd6wIdImtW4z": {
            "registrationId": 303662964,
            "currentRatchet": {
              "ephemeralKeyPair": {
                "pubKey": "BZPqL1VHvmV8ArVblFY3kt2ERj0aElxDiC2YEG2ZeA1a",
                "privKey": "aJ9t+t8zxUpZPGptHzmDkJLtrGSgY3j7Wu0e1TqXB3s="
              },
              "lastRemoteEphemeralKey": "BWXHssCtG+GMGBQfGJ0zDoLg0GNh5Rx76aBOLLiVR4xr",
              "previousCounter": 0,
              "rootKey": "wzYFIlu4d9MrqaDJKfFafDT7wUbxk6lp3jjwTdK6fS0="
            },
            "indexInfo": {
              "baseKey": "BReQh0ybLGAbcXNwzKCPxztcamggo107bd6wIdImtW4z",
              "baseKeyType": 2,
              "closed": -1,
              "used": 1684989324277,
              "created": 1684989324277,
              "remoteIdentityKey": "BZgfZUk+0kqkPB0v25F3CvJngFfQkj5NDCGS55vH0D8g"
            },
            "_chains": {
              "BWXHssCtG+GMGBQfGJ0zDoLg0GNh5Rx76aBOLLiVR4xr": {
                "chainKey": {
                  "counter": 5,
                  "key": "6/0bGo5I0okOdeRLI/abrkIPF1HtrAivAdY8h/Ej2aQ="
                },
                "chainType": 2,
                "messageKeys": {}
              },
              "BZPqL1VHvmV8ArVblFY3kt2ERj0aElxDiC2YEG2ZeA1a": {
                "chainKey": {
                  "counter": 1,
                  "key": "S/qEWJ9y7rCQWhb+3MRAI4m/Ni4Ih8xPMjSzxLy2eu4="
                },
                "chainType": 1,
                "messageKeys": {}
              }
            }
          }
        },
        "version": "v1"
      }
    },
    "appStateSyncKeys": {
      "AAAAAA1Z": {
        "keyData": "S5YTZ2JjLISuGuCxmRzjBgMoOjMJHK97/um8NSVcoJM=",
        "fingerprint": {
          "rawId": 1493695922,
          "currentIndex": 1,
          "deviceIndexes": [
            0,
            1
          ]
        },
        "timestamp": "1684989323868"
      }
    },
    "appStateVersions": {
      "critical_block": {
        "version": 1,
        "hash": {
          "type": "Buffer",
          "data": "WUDiGWNG4qF+XcJq6Y4jG/GMPflX4s9I5VQEXG0nRL++Ki3K+SchnmZ0CMHoqHWn5KYk6guWuj2gWcHNMqdSBLwnLOE6kqlVIkNRRDazIPU2ZFpgqAM7DljmSQzqR6ur56/Kez1/ekya9ffYBYXMqVFyQQHlA8MlksjrGsAQ7MY="
        },
        "indexValueMap": {
          "6q7wv/NPsvwxfeLU6wFOhEALOzlG/tSoZYCEzwL07yY=": {
            "valueMac": {
              "type": "Buffer",
              "data": "vH4KDrIf9q6rRqadwWB/iBum58keZZotRvdtgGcNIRU="
            }
          },
          "CafSqi8p/u+9QfVQPgqwKNAftt9NGOPrj+r7OKkxrQY=": {
            "valueMac": {
              "type": "Buffer",
              "data": "CNHa+5SgN6iqErJ9tyysROSfnLtDvIKmfxwGw+bXrqY="
            }
          }
        }
      },
      "regular": {
        "version": 1,
        "hash": {
          "type": "Buffer",
          "data": "MRWaeAMbb+2c7FTUqHGVRoEpHz4XDd9CD5y2IfqAHufZiuZ6Vuu02H8GQz9oLF81N/Gr63ybQj+TkWtakS91+W7sij/Hbh7ToPDP9KrCtUKfVyaPWvMfLE77RgdhonQUvY3CkQDVaJ+UBhsrl0nW39N7Bys5ZqX/75awDqJHe4M="
        },
        "indexValueMap": {
          "C+Lx3Fm/PBlSSOa5RLOV6DNylJyOu0sy0C4ohCWSNdU=": {
            "valueMac": {
              "type": "Buffer",
              "data": "vrYQaJiByCt1T+BJUSrN7PT4y6iQnmRvkxfoINXzZx8="
            }
          }
        }
      }
    }
  }
}